1,06.10.2025,07.10.2025,08.10.2025,09.10.2025,10.10.2025,13.10.2025,14.10.2025,15.10.2025,16.10.2025,17.10.2025,20.10.2025,21.10.2025,22.10.2025,23.10.2025,24.10.2025,27.10.2025,28.10.2025,29.10.2025,30.10.2025,31.10.2025
2,06.10.2025,07.10.2025,08.10.2025,09.10.2025,10.10.2025,13.10.2025,14.10.2025,15.10.2025,16.10.2025,17.10.2025,20.10.2025,21.10.2025,22.10.2025,23.10.2025,24.10.2025,27.10.2025,28.10.2025,29.10.2025,30.10.2025,31.10.2025
3,06.10.2025,07.10.2025,08.10.2025,09.10.2025,10.10.2025,13.10.2025,14.10.2025,15.10.2025,16.10.2025,17.10.2025,20.10.2025,21.10.2025,22.10.2025,23.10.2025,24.10.2025,27.10.2025,28.10.2025,29.10.2025,30.10.2025,31.10.2025
4,06.10.2025,07.10.2025,08.10.2025,09.10.2025,10.10.2025,13.10.2025,14.10.2025,15.10.2025,16.10.2025,17.10.2025,20.10.2025,21.10.2025,22.10.2025,23.10.2025,24.10.2025,27.10.2025,28.10.2025,29.10.2025,30.10.2025,31.10.2025
5,06.10.2025,07.10.2025,08.10.2025,09.10.2025,10.10.2025,13.10.2025,14.10.2025,15.10.2025,16.10.2025,17.10.2025,20.10.2025,21.10.2025,22.10.2025,23.10.2025,24.10.2025,27.10.2025,28.10.2025,29.10.2025,30.10.2025,31.10.2025
6,06.10.2025,07.10.2025,08.10.2025,09.10.2025,10.10.2025,13.10.2025,14.10.2025,15.10.2025,16.10.2025,17.10.2025,20.10.2025,21.10.2025,22.10.2025,23.10.2025,24.10.2025,27.10.2025,28.10.2025,29.10.2025,30.10.2025,31.10.2025
7,06.10.2025,07.10.2025,08.10.2025,09.10.2025,10.10.2025,13.10.2025,14.10.2025,15.10.2025,16.10.2025,17.10.2025,20.10.2025,21.10.2025,22.10.2025,23.10.2025,24.10.2025,27.10.2025,28.10.2025,29.10.2025,30.10.2025,31.10.2025
8,06.10.2025,07.10.2025,08.10.2025,09.10.2025,10.10.2025,13.10.2025,14.10.2025,15.10.2025,16.10.2025,17.10.2025,20.10.2025,21.10.2025,22.10.2025,23.10.2025,24.10.2025,27.10.2025,28.10.2025,29.10.2025,30.10.2025,31.10.2025
9,06.10.2025,07.10.2025,08.10.2025,09.10.2025,10.10.2025,13.10.2025,14.10.2025,15.10.2025,16.10.2025,17.10.2025,20.10.2025,21.10.2025,22.10.2025,23.10.2025,24.10.2025,27.10.2025,28.10.2025,29.10.2025,30.10.2025,31.10.2025
10,06.10.2025,07.10.2025,08.10.2025,09.10.2025,10.10.2025,13.10.2025,14.10.2025,15.10.2025,16.10.2025,17.10.2025,20.10.2025,21.10.2025,22.10.2025,23.10.2025,24.10.2025,27.10.2025,28.10.2025,29.10.2025,30.10.2025,31.10.2025
11,06.10.2025,07.10.2025,08.10.2025,09.10.2025,10.10.2025,13.10.2025,14.10.2025,15.10.2025,16.10.2025,17.10.2025,20.10.2025,21.10.2025,22.10.2025,23.10.2025,24.10.2025,27.10.2025,28.10.2025,29.10.2025,30.10.2025,31.10.2025
12,06.10.2025,07.10.2025,08.10.2025,09.10.2025,10.10.2025,13.10.2025,14.10.2025,15.10.2025,16.10.2025,17.10.2025,20.10.2025,21.10.2025,22.10.2025,23.10.2025,24.10.2025,27.10.2025,28.10.2025,29.10.2025,30.10.2025,31.10.2025
13,06.10.2025,07.10.2025,08.10.2025,09.10.2025,10.10.2025,13.10.2025,14.10.2025,15.10.2025,16.10.2025,17.10.2025,20.10.2025,21.10.2025,22.10.2025,23.10.2025,24.10.2025,27.10.2025,28.10.2025,29.10.2025,30.10.2025,31.10.2025
14,06.10.2025,07.10.2025,08.10.2025,09.10.2025,10.10.2025,13.10.2025,14.10.2025,15.10.2025,16.10.2025,17.10.2025,20.10.2025,21.10.2025,22.10.2025,23.10.2025,24.10.2025,27.10.2025,28.10.2025,29.10.2025,30.10.2025,31.10.2025
15,06.10.2025,07.10.2025,08.10.2025,09.10.2025,10.10.2025,13.10.2025,14.10.2025,15.10.2025,16.10.2025,17.10.2025,20.10.2025,21.10.2025,22.10.2025,23.10.2025,24.10.2025,27.10.2025,28.10.2025,29.10.2025,30.10.2025,31.10.2025
16,06.10.2025,07.10.2025,08.10.2025,09.10.2025,10.10.2025,13.10.2025,14.10.2025,15.10.2025,16.10.2025,17.10.2025,20.10.2025,21.10.2025,22.10.2025,23.10.2025,24.10.2025,27.10.2025,28.10.2025,29.10.2025,30.10.2025,31.10.2025
17,06.10.2025,07.10.2025,08.10.2025,09.10.2025,10.10.2025,13.10.2025,14.10.2025,15.10.2025,16.10.2025,17.10.2025,20.10.2025,21.10.2025,22.10.2025,23.10.2025,24.10.2025,27.10.2025,28.10.2025,29.10.2025,30.10.2025,31.10.2025
18,06.10.2025,07.10.2025,08.10.2025,09.10.2025,10.10.2025,13.10.2025,14.10.2025,15.10.2025,16.10.2025,17.10.2025,20.10.2025,21.10.2025,22.10.2025,23.10.2025,24.10.2025,27.10.2025,28.10.2025,29.10.2025,30.10.2025,31.10.2025
19,06.10.2025,07.10.2025,08.10.2025,09.10.2025,10.10.2025,13.10.2025,14.10.2025,15.10.2025,16.10.2025,17.10.2025,20.10.2025,21.10.2025,22.10.2025,23.10.2025,24.10.2025,27.10.2025,28.10.2025,29.10.2025,30.10.2025,31.10.2025
20,06.10.2025,07.10.2025,08.10.2025,09.10.2025,10.10.2025,13.10.2025,14.10.2025,15.10.2025,16.10.2025,17.10.2025,20.10.2025,21.10.2025,22.10.2025,23.10.2025,24.10.2025,27.10.2025,28.10.2025,29.10.2025,30.10.2025,31.10.2025
21,06.10.2025,07.10.2025,08.10.2025,09.10.2025,10.10.2025,13.10.2025,14.10.2025,15.10.2025,16.10.2025,17.10.2025,20.10.2025,21.10.2025,22.10.2025,23.10.2025,24.10.2025,27.10.2025,28.10.2025,29.10.2025,30.10.2025,31.10.2025
22,06.10.2025,07.10.2025,08.10.2025,09.10.2025,10.10.2025,13.10.2025,14.10.2025,15.10.2025,16.10.2025,17.10.2025,20.10.2025,21.10.2025,22.10.2025,23.10.2025,24.10.2025,27.10.2025,28.10.2025,29.10.2025,30.10.2025,31.10.2025
23,06.10.2025,07.10.2025,08.10.2025,09.10.2025,10.10.2025,13.10.2025,14.10.2025,15.10.2025,16.10.2025,17.10.2025,20.10.2025,21.10.2025,22.10.2025,23.10.2025,24.10.2025,27.10.2025,28.10.2025,29.10.2025,30.10.2025,31.10.2025
24,06.10.2025,07.10.2025,08.10.2025,09.10.2025,10.10.2025,13.10.2025,14.10.2025,15.10.2025,16.10.2025,17.10.2025,20.10.2025,21.10.2025,22.10.2025,23.10.2025,24.10.2025,27.10.2025,28.10.2025,29.10.2025,30.10.2025,31.10.2025
25,06.10.2025,07.10.2025,08.10.2025,09.10.2025,10.10.2025,13.10.2025,14.10.2025,15.10.2025,16.10.2025,17.10.2025,20.10.2025,21.10.2025,22.10.2025,23.10.2025,24.10.2025,27.10.2025,28.10.2025,29.10.2025,30.10.2025,31.10.2025
26,06.10.2025,07.10.2025,08.10.2025,09.10.2025,10.10.2025,13.10.2025,14.10.2025,15.10.2025,16.10.2025,17.10.2025,20.10.2025,21.10.2025,22.10.2025,23.10.2025,24.10.2025,27.10.2025,28.10.2025,29.10.2025,30.10.2025,31.10.2025
27,06.10.2025,07.10.2025,08.10.2025,09.10.2025,10.10.2025,13.10.2025,14.10.2025,15.10.2025,16.10.2025,17.10.2025,20.10.2025,21.10.2025,22.10.2025,23.10.2025,24.10.2025,27.10.2025,28.10.2025,29.10.2025,30.10.2025,31.10.2025
28,06.10.2025,07.10.2025,08.10.2025,09.10.2025,10.10.2025,13.10.2025,14.10.2025,15.10.2025,16.10.2025,17.10.2025,20.10.2025,21.10.2025,22.10.2025,23.10.2025,24.10.2025,27.10.2025,28.10.2025,29.10.2025,30.10.2025,31.10.2025
29,06.10.2025,07.10.2025,08.10.2025,09.10.2025,10.10.2025,13.10.2025,14.10.2025,15.10.2025,16.10.2025,17.10.2025,20.10.2025,21.10.2025,22.10.2025,23.10.2025,24.10.2025,27.10.2025,28.10.2025,29.10.2025,30.10.2025,31.10.2025
30,06.10.2025,07.10.2025,08.10.2025,09.10.2025,10.10.2025,13.10.2025,14.10.2025,15.10.2025,16.10.2025,17.10.2025,20.10.2025,21.10.2025,22.10.2025,23.10.2025,24.10.2025,27.10.2025,28.10.2025,29.10.2025,30.10.2025,31.10.2025
31,06.10.2025,07.10.2025,08.10.2025,09.10.2025,10.10.2025,13.10.2025,14.10.2025,15.10.2025,16.10.2025,17.10.2025,20.10.2025,21.10.2025,22.10.2025,23.10.2025,24.10.2025,27.10.2025,28.10.2025,29.10.2025,30.10.2025,31.10.2025
32,06.10.2025,07.10.2025,08.10.2025,09.10.2025,10.10.2025,13.10.2025,14.10.2025,15.10.2025,16.10.2025,17.10.2025,20.10.2025,21.10.2025,22.10.2025,23.10.2025,24.10.2025,27.10.2025,28.10.2025,29.10.2025,30.10.2025,31.10.2025
33,06.10.2025,07.10.2025,08.10.2025,09.10.2025,10.10.2025,13.10.2025,14.10.2025,15.10.2025,16.10.2025,17.10.2025,20.10.2025,21.10.2025,22.10.2025,23.10.2025,24.10.2025,27.10.2025,28.10.2025,29.10.2025,30.10.2025,31.10.2025
34,06.10.2025,07.10.2025,08.10.2025,09.10.2025,10.10.2025,13.10.2025,14.10.2025,15.10.2025,16.10.2025,17.10.2025,20.10.2025,21.10.2025,22.10.2025,23.10.2025,24.10.2025,27.10.2025,28.10.2025,29.10.2025,30.10.2025,31.10.2025
35,06.10.2025,07.10.2025,08.10.2025,09.10.2025,10.10.2025,13.10.2025,14.10.2025,15.10.2025,16.10.2025,17.10.2025,20.10.2025,21.10.2025,22.10.2025,23.10.2025,24.10.2025,27.10.2025,28.10.2025,29.10.2025,30.10.2025,31.10.2025
36,06.10.2025,07.10.2025,08.10.2025,09.10.2025,10.10.2025,13.10.2025,14.10.2025,15.10.2025,16.10.2025,17.10.2025,20.10.2025,21.10.2025,22.10.2025,23.10.2025,24.10.2025,27.10.2025,28.10.2025,29.10.2025,30.10.2025,31.10.2025
37,06.10.2025,07.10.2025,08.10.2025,09.10.2025,10.10.2025,13.10.2025,14.10.2025,15.10.2025,16.10.2025,17.10.2025,20.10.2025,21.10.2025,22.10.2025,23.10.2025,24.10.2025,27.10.2025,28.10.2025,29.10.2025,30.10.2025,31.10.2025
38,06.10.2025,07.10.2025,08.10.2025,09.10.2025,10.10.2025,13.10.2025,14.10.2025,15.10.2025,16.10.2025,17.10.2025,20.10.2025,21.10.2025,22.10.2025,23.10.2025,24.10.2025,27.10.2025,28.10.2025,29.10.2025,30.10.2025,31.10.2025
39,06.10.2025,07.10.2025,08.10.2025,09.10.2025,10.10.2025,13.10.2025,14.10.2025,15.10.2025,16.10.2025,17.10.2025,20.10.2025,21.10.2025,22.10.2025,23.10.2025,24.10.2025,27.10.2025,28.10.2025,29.10.2025,30.10.2025,31.10.2025
40,06.10.2025,07.10.2025,08.10.2025,09.10.2025,10.10.2025,13.10.2025,14.10.2025,15.10.2025,16.10.2025,17.10.2025,20.10.2025,21.10.2025,22.10.2025,23.10.2025,24.10.2025,27.10.2025,28.10.2025,29.10.2025,30.10.2025,31.10.2025
41,06.10.2025,07.10.2025,08.10.2025,09.10.2025,10.10.2025,13.10.2025,14.10.2025,15.10.2025,16.10.2025,17.10.2025,20.10.2025,21.10.2025,22.10.2025,23.10.2025,24.10.2025,27.10.2025,28.10.2025,29.10.2025,30.10.2025,31.10.2025
42,06.10.2025,07.10.2025,08.10.2025,09.10.2025,10.10.2025,13.10.2025,14.10.2025,15.10.2025,16.10.2025,17.10.2025,20.10.2025,21.10.2025,22.10.2025,23.10.2025,24.10.2025,27.10.2025,28.10.2025,29.10.2025,30.10.2025,31.10.2025
43,05.10.2025,06.10.2025,09.10.2025,10.10.2025,13.10.2025,14.10.2025,17.10.2025,18.10.2025,21.10.2025,22.10.2025,25.10.2025,26.10.2025,29.10.2025,30.10.2025
44,06.10.2025,07.10.2025,08.10.2025,09.10.2025,10.10.2025,13.10.2025,14.10.2025,15.10.2025,16.10.2025,17.10.2025,20.10.2025,21.10.2025,22.10.2025,23.10.2025,24.10.2025,27.10.2025,28.10.2025,29.10.2025,30.10.2025,31.10.2025
45,06.10.2025,07.10.2025,08.10.2025,09.10.2025,10.10.2025,13.10.2025,14.10.2025,15.10.2025,16.10.2025,17.10.2025,20.10.2025,21.10.2025,22.10.2025,23.10.2025,24.10.2025,27.10.2025,28.10.2025,29.10.2025,30.10.2025,31.10.2025
46,06.10.2025,07.10.2025,08.10.2025,09.10.2025,10.10.2025,13.10.2025,14.10.2025,15.10.2025,16.10.2025,17.10.2025,20.10.2025,21.10.2025,22.10.2025,23.10.2025,24.10.2025,27.10.2025,28.10.2025,29.10.2025,30.10.2025,31.10.2025
47,06.10.2025,07.10.2025,08.10.2025,09.10.2025,10.10.2025,13.10.2025,14.10.2025,15.10.2025,16.10.2025,17.10.2025,20.10.2025,21.10.2025,22.10.2025,23.10.2025,24.10.2025,27.10.2025,28.10.2025,29.10.2025,30.10.2025,31.10.2025
48,06.10.2025,07.10.2025,10.10.2025,11.10.2025,14.10.2025,15.10.2025,18.10.2025,19.10.2025,22.10.2025,23.10.2025,26.10.2025,27.10.2025,30.10.2025,31.10.2025
49,06.10.2025,07.10.2025,08.10.2025,09.10.2025,10.10.2025,13.10.2025,14.10.2025,15.10.2025,16.10.2025,17.10.2025,20.10.2025,21.10.2025,22.10.2025,23.10.2025,24.10.2025,27.10.2025,28.10.2025,29.10.2025,30.10.2025,31.10.2025
50,06.10.2025,07.10.2025,08.10.2025,09.10.2025,10.10.2025,13.10.2025,14.10.2025,15.10.2025,16.10.2025,17.10.2025,20.10.2025,21.10.2025,22.10.2025,23.10.2025,24.10.2025,27.10.2025,28.10.2025,29.10.2025,30.10.2025,31.10.2025
51,06.10.2025,07.10.2025,08.10.2025,09.10.2025,10.10.2025,13.10.2025,14.10.2025,15.10.2025,16.10.2025,17.10.2025,20.10.2025,21.10.2025,22.10.2025,23.10.2025,24.10.2025,27.10.2025,28.10.2025,29.10.2025,30.10.2025,31.10.2025
52,06.10.2025,07.10.2025,08.10.2025,09.10.2025,10.10.2025,13.10.2025,14.10.2025,15.10.2025,16.10.2025,17.10.2025,20.10.2025,21.10.2025,22.10.2025,23.10.2025,24.10.2025,27.10.2025,28.10.2025,29.10.2025,30.10.2025,31.10.2025
53,06.10.2025,07.10.2025,08.10.2025,09.10.2025,10.10.2025,13.10.2025,14.10.2025,15.10.2025,16.10.2025,17.10.2025,20.10.2025,21.10.2025,22.10.2025,23.10.2025,24.10.2025,27.10.2025,28.10.2025,29.10.2025,30.10.2025,31.10.2025
54,06.10.2025,07.10.2025,08.10.2025,09.10.2025,10.10.2025,13.10.2025,14.10.2025,15.10.2025,16.10.2025,17.10.2025,20.10.2025,21.10.2025,22.10.2025,23.10.2025,24.10.2025,27.10.2025,28.10.2025,29.10.2025,30.10.2025,31.10.2025
55,06.10.2025,07.10.2025,08.10.2025,09.10.2025,10.10.2025,13.10.2025,14.10.2025,15.10.2025,16.10.2025,17.10.2025,20.10.2025,21.10.2025,22.10.2025,23.10.2025,24.10.2025,27.10.2025,28.10.2025,29.10.2025,30.10.2025,31.10.2025
56,06.10.2025,07.10.2025,08.10.2025,09.10.2025,10.10.2025,13.10.2025,14.10.2025,15.10.2025,16.10.2025,17.10.2025,20.10.2025,21.10.2025,22.10.2025,23.10.2025,24.10.2025,27.10.2025,28.10.2025,29.10.2025,30.10.2025,31.10.2025
57,05.10.2025,06.10.2025,09.10.2025,10.10.2025,13.10.2025,14.10.2025,17.10.2025,18.10.2025,21.10.2025,22.10.2025,25.10.2025,26.10.2025,29.10.2025,30.10.2025
58,06.10.2025,07.10.2025,10.10.2025,11.10.2025,14.10.2025,15.10.2025,18.10.2025,19.10.2025,22.10.2025,23.10.2025,26.10.2025,27.10.2025,30.10.2025,31.10.2025
59,06.10.2025,07.10.2025,08.10.2025,09.10.2025,10.10.2025,13.10.2025,14.10.2025,15.10.2025,16.10.2025,17.10.2025,20.10.2025,21.10.2025,22.10.2025,23.10.2025,24.10.2025,27.10.2025,28.10.2025,29.10.2025,30.10.2025,31.10.2025
60,06.10.2025,07.10.2025,08.10.2025,09.10.2025,10.10.2025,13.10.2025,14.10.2025,15.10.2025,16.10.2025,17.10.2025,20.10.2025,21.10.2025,22.10.2025,23.10.2025,24.10.2025,27.10.2025,28.10.2025,29.10.2025,30.10.2025,31.10.2025
61,05.10.2025,06.10.2025,09.10.2025,10.10.2025,13.10.2025,14.10.2025,17.10.2025,18.10.2025,21.10.2025,22.10.2025,25.10.2025,26.10.2025,29.10.2025,30.10.2025
62,06.10.2025,07.10.2025,08.10.2025,09.10.2025,10.10.2025,13.10.2025,14.10.2025,15.10.2025,16.10.2025,17.10.2025,20.10.2025,21.10.2025,22.10.2025,23.10.2025,24.10.2025,27.10.2025,28.10.2025,29.10.2025,30.10.2025,31.10.2025
63,06.10.2025,07.10.2025,08.10.2025,09.10.2025,10.10.2025,13.10.2025,14.10.2025,15.10.2025,16.10.2025,17.10.2025,20.10.2025,21.10.2025,22.10.2025,23.10.2025,24.10.2025,27.10.2025,28.10.2025,29.10.2025,30.10.2025,31.10.2025
64,06.10.2025,07.10.2025,08.10.2025,09.10.2025,10.10.2025,13.10.2025,14.10.2025,15.10.2025,16.10.2025,17.10.2025,20.10.2025,21.10.2025,22.10.2025,23.10.2025,24.10.2025,27.10.2025,28.10.2025,29.10.2025,30.10.2025,31.10.2025
65,06.10.2025,07.10.2025,10.10.2025,11.10.2025,14.10.2025,15.10.2025,18.10.2025,19.10.2025,22.10.2025,23.10.2025,26.10.2025,27.10.2025,30.10.2025,31.10.2025
66,06.10.2025,07.10.2025,08.10.2025,09.10.2025,10.10.2025,13.10.2025,14.10.2025,15.10.2025,16.10.2025,17.10.2025,20.10.2025,21.10.2025,22.10.2025,23.10.2025,24.10.2025,27.10.2025,28.10.2025,29.10.2025,30.10.2025,31.10.2025
67,06.10.2025,07.10.2025,10.10.2025,11.10.2025,14.10.2025,15.10.2025,18.10.2025,19.10.2025,22.10.2025,23.10.2025,26.10.2025,27.10.2025,30.10.2025,31.10.2025
68,06.10.2025,07.10.2025,08.10.2025,09.10.2025,10.10.2025,13.10.2025,14.10.2025,15.10.2025,16.10.2025,17.10.2025,20.10.2025,21.10.2025,22.10.2025,23.10.2025,24.10.2025,27.10.2025,28.10.2025,29.10.2025,30.10.2025,31.10.2025
69,06.10.2025,07.10.2025,10.10.2025,11.10.2025,14.10.2025,15.10.2025,18.10.2025,19.10.2025,22.10.2025,23.10.2025,26.10.2025,27.10.2025,30.10.2025,31.10.2025
70,06.10.2025,07.10.2025,08.10.2025,09.10.2025,10.10.2025,13.10.2025,14.10.2025,15.10.2025,16.10.2025,17.10.2025,20.10.2025,21.10.2025,22.10.2025,23.10.2025,24.10.2025,27.10.2025,28.10.2025,29.10.2025,30.10.2025,31.10.2025
71,06.10.2025,07.10.2025,08.10.2025,09.10.2025,10.10.2025,13.10.2025,14.10.2025,15.10.2025,16.10.2025,17.10.2025,20.10.2025,21.10.2025,22.10.2025,23.10.2025,24.10.2025,27.10.2025,28.10.2025,29.10.2025,30.10.2025,31.10.2025
72,06.10.2025,07.10.2025,08.10.2025,09.10.2025,10.10.2025,13.10.2025,14.10.2025,15.10.2025,16.10.2025,17.10.2025,20.10.2025,21.10.2025,22.10.2025,23.10.2025,24.10.2025,27.10.2025,28.10.2025,29.10.2025,30.10.2025,31.10.2025
73,06.10.2025,07.10.2025,08.10.2025,09.10.2025,10.10.2025,13.10.2025,14.10.2025,15.10.2025,16.10.2025,17.10.2025,20.10.2025,21.10.2025,22.10.2025,23.10.2025,24.10.2025,27.10.2025,28.10.2025,29.10.2025,30.10.2025,31.10.2025
74,06.10.2025,07.10.2025,08.10.2025,09.10.2025,10.10.2025,13.10.2025,14.10.2025,15.10.2025,16.10.2025,17.10.2025,20.10.2025,21.10.2025,22.10.2025,23.10.2025,24.10.2025,27.10.2025,28.10.2025,29.10.2025,30.10.2025,31.10.2025
75,06.10.2025,07.10.2025,08.10.2025,09.10.2025,10.10.2025,13.10.2025,14.10.2025,15.10.2025,16.10.2025,17.10.2025,20.10.2025,21.10.2025,22.10.2025,23.10.2025,24.10.2025,27.10.2025,28.10.2025,29.10.2025,30.10.2025,31.10.2025
76,06.10.2025,07.10.2025,08.10.2025,09.10.2025,10.10.2025,13.10.2025,14.10.2025,15.10.2025,16.10.2025,17.10.2025,20.10.2025,21.10.2025,22.10.2025,23.10.2025,24.10.2025,27.10.2025,28.10.2025,29.10.2025,30.10.2025,31.10.2025
77,05.10.2025,06.10.2025,09.10.2025,10.10.2025,13.10.2025,14.10.2025,17.10.2025,18.10.2025,21.10.2025,22.10.2025,25.10.2025,26.10.2025,29.10.2025,30.10.2025
78,06.10.2025,07.10.2025,08.10.2025,09.10.2025,10.10.2025,13.10.2025,14.10.2025,15.10.2025,16.10.2025,17.10.2025,20.10.2025,21.10.2025,22.10.2025,23.10.2025,24.10.2025,27.10.2025,28.10.2025,29.10.2025,30.10.2025,31.10.2025
79,06.10.2025,07.10.2025,10.10.2025,11.10.2025,14.10.2025,15.10.2025,18.10.2025,19.10.2025,22.10.2025,23.10.2025,26.10.2025,27.10.2025,30.10.2025,31.10.2025
80,06.10.2025,07.10.2025,10.10.2025,11.10.2025,14.10.2025,15.10.2025,18.10.2025,19.10.2025,22.10.2025,23.10.2025,26.10.2025,27.10.2025,30.10.2025,31.10.2025
81,06.10.2025,07.10.2025,08.10.2025,09.10.2025,10.10.2025,13.10.2025,14.10.2025,15.10.2025,16.10.2025,17.10.2025,20.10.2025,21.10.2025,22.10.2025,23.10.2025,24.10.2025,27.10.2025,28.10.2025,29.10.2025,30.10.2025,31.10.2025
82,06.10.2025,07.10.2025,08.10.2025,09.10.2025,10.10.2025,13.10.2025,14.10.2025,15.10.2025,16.10.2025,17.10.2025,20.10.2025,21.10.2025,22.10.2025,23.10.2025,24.10.2025,27.10.2025,28.10.2025,29.10.2025,30.10.2025,31.10.2025
83,06.10.2025,07.10.2025,10.10.2025,11.10.2025,14.10.2025,15.10.2025,18.10.2025,19.10.2025,22.10.2025,23.10.2025,26.10.2025,27.10.2025,30.10.2025,31.10.2025
84,06.10.2025,07.10.2025,08.10.2025,09.10.2025,10.10.2025,13.10.2025,14.10.2025,15.10.2025,16.10.2025,17.10.2025,20.10.2025,21.10.2025,22.10.2025,23.10.2025,24.10.2025,27.10.2025,28.10.2025,29.10.2025,30.10.2025,31.10.2025
85,06.10.2025,07.10.2025,10.10.2025,11.10.2025,14.10.2025,15.10.2025,18.10.2025,19.10.2025,22.10.2025,23.10.2025,26.10.2025,27.10.2025,30.10.2025,31.10.2025
86,06.10.2025,07.10.2025,08.10.2025,09.10.2025,10.10.2025,13.10.2025,14.10.2025,15.10.2025,16.10.2025,17.10.2025,20.10.2025,21.10.2025,22.10.2025,23.10.2025,24.10.2025,27.10.2025,28.10.2025,29.10.2025,30.10.2025,31.10.2025
87,06.10.2025,07.10.2025,08.10.2025,09.10.2025,10.10.2025,13.10.2025,14.10.2025,15.10.2025,16.10.2025,17.10.2025,20.10.2025,21.10.2025,22.10.2025,23.10.2025,24.10.2025,27.10.2025,28.10.2025,29.10.2025,30.10.2025,31.10.2025
88,06.10.2025,07.10.2025,08.10.2025,09.10.2025,10.10.2025,13.10.2025,14.10.2025,15.10.2025,16.10.2025,17.10.2025,20.10.2025,21.10.2025,22.10.2025,23.10.2025,24.10.2025,27.10.2025,28.10.2025,29.10.2025,30.10.2025,31.10.2025
89,06.10.2025,07.10.2025,08.10.2025,09.10.2025,10.10.2025,13.10.2025,14.10.2025,15.10.2025,16.10.2025,17.10.2025,20.10.2025,21.10.2025,22.10.2025,23.10.2025,24.10.2025,27.10.2025,28.10.2025,29.10.2025,30.10.2025,31.10.2025
90,05.10.2025,06.10.2025,09.10.2025,10.10.2025,13.10.2025,14.10.2025,17.10.2025,18.10.2025,21.10.2025,22.10.2025,25.10.2025,26.10.2025,29.10.2025,30.10.2025
91,06.10.2025,07.10.2025,10.10.2025,11.10.2025,14.10.2025,15.10.2025,18.10.2025,19.10.2025,22.10.2025,23.10.2025,26.10.2025,27.10.2025,30.10.2025,31.10.2025
92,06.10.2025,07.10.2025,08.10.2025,09.10.2025,10.10.2025,13.10.2025,14.10.2025,15.10.2025,16.10.2025,17.10.2025,20.10.2025,21.10.2025,22.10.2025,23.10.2025,24.10.2025,27.10.2025,28.10.2025,29.10.2025,30.10.2025,31.10.2025
93,05.10.2025,06.10.2025,09.10.2025,10.10.2025,13.10.2025,14.10.2025,17.10.2025,18.10.2025,21.10.2025,22.10.2025,25.10.2025,26.10.2025,29.10.2025,30.10.2025
94,06.10.2025,07.10.2025,08.10.2025,09.10.2025,10.10.2025,13.10.2025,14.10.2025,15.10.2025,16.10.2025,17.10.2025,20.10.2025,21.10.2025,22.10.2025,23.10.2025,24.10.2025,27.10.2025,28.10.2025,29.10.2025,30.10.2025,31.10.2025
95,06.10.2025,07.10.2025,10.10.2025,11.10.2025,14.10.2025,15.10.2025,18.10.2025,19.10.2025,22.10.2025,23.10.2025,26.10.2025,27.10.2025,30.10.2025,31.10.2025
96,06.10.2025,07.10.2025,10.10.2025,11.10.2025,14.10.2025,15.10.2025,18.10.2025,19.10.2025,22.10.2025,23.10.2025,26.10.2025,27.10.2025,30.10.2025,31.10.2025
97,06.10.2025,07.10.2025,08.10.2025,09.10.2025,10.10.2025,13.10.2025,14.10.2025,15.10.2025,16.10.2025,17.10.2025,20.10.2025,21.10.2025,22.10.2025,23.10.2025,24.10.2025,27.10.2025,28.10.2025,29.10.2025,30.10.2025,31.10.2025
98,06.10.2025,07.10.2025,08.10.2025,09.10.2025,10.10.2025,13.10.2025,14.10.2025,15.10.2025,16.10.2025,17.10.2025,20.10.2025,21.10.2025,22.10.2025,23.10.2025,24.10.2025,27.10.2025,28.10.2025,29.10.2025,30.10.2025,31.10.2025
99,05.10.2025,06.10.2025,09.10.2025,10.10.2025,13.10.2025,14.10.2025,17.10.2025,18.10.2025,21.10.2025,22.10.2025,25.10.2025,26.10.2025,29.10.2025,30.10.2025
100,06.10.2025,07.10.2025,10.10.2025,11.10.2025,14.10.2025,15.10.2025,18.10.2025,19.10.2025,22.10.2025,23.10.2025,26.10.2025,27.10.2025,30.10.2025,31.10.2025
